{"cameraMode":{"drawMode":0,"name":"Shaded","section":"Shading Mode"},"sceneLighting":false,"audioPlay":false,"sceneViewState":{"m_AlwaysRefresh":false,"showFog":true,"showSkybox":false,"showFlares":true,"showImageEffects":true,"showParticleSystems":true,"showVisualEffectGraphs":true,"m_FxEnabled":true},"in2DMode":false,"pivot":{"x":-0.007249999791383743,"y":1.2400000095367432,"z":6.4800004959106449},"rotation":{"x":0.18656203150749207,"y":-0.2650832235813141,"z":0.05235430970788002,"w":0.9445642828941345},"size":2.3752732276916506,"orthographic":true}