{"cameraMode":{"drawMode":0,"name":"Shaded","section":"Shading Mode"},"sceneLighting":true,"audioPlay":false,"sceneViewState":{"m_AlwaysRefresh":false,"showFog":true,"showSkybox":true,"showFlares":true,"showImageEffects":true,"showParticleSystems":true,"showVisualEffectGraphs":true,"m_FxEnabled":true},"in2DMode":false,"pivot":{"x":-0.6767175197601318,"y":0.20058846473693849,"z":-2.7131054401397707},"rotation":{"x":0.7381725311279297,"y":0.0648878887295723,"z":-0.07176279276609421,"w":0.6676786541938782},"size":7.772844314575195,"orthographic":false}